,Blue,Red,LogID,GameMode,Map
0,somebody help,Ohio Leif Village,3700763,PL,pl_upward_f12
1,Ohio Leif Village,somebody help,3700749,KOTH,koth_lakeside_r2
2,Ohio Leif Village,somebody help,3700747,KOTH,koth_lakeside_r2
3,Ohio Leif Village,somebody help,3700720,KOTH,koth_lakeside_r2
4,Ohio Leif Village,somebody help,3700687,KOTH,koth_lakeside_r2
5,Ohio Leif Village,The Duddy Dudes,3700656,KOTH,koth_lakeside_r2
6,Ohio Leif Village,The Duddy Dudes,3700644,PL,pl_upward_f12
7,Ohio Leif Village,Unknown,3700026,KOTH,koth_lakeside_r2
8,Unknown,Ohio Leif Village,3699996,KOTH,koth_product_final
9,The Hardworking Hornets,somebody help,3697215,KOTH,koth_ashville_final1
10,The Hardworking Hornets,somebody help,3697196,KOTH,koth_ashville_final1
11,Ohio Leif Village,The Duddy Dudes,3697175,KOTH,koth_cascade_rc1a
12,The Hardworking Hornets,somebody help,3697170,KOTH,koth_ashville_final1
13,Ohio Leif Village,The Duddy Dudes,3697164,KOTH,koth_cascade_rc1a
14,Ohio Leif Village,The Duddy Dudes,3697139,KOTH,koth_ashville_final1
15,The Hardworking Hornets,somebody help,3697136,KOTH,koth_lakeside_r2
16,The Hardworking Hornets,somebody help,3697092,KOTH,koth_lakeside_r2
17,Ohio Leif Village,The Duddy Dudes,3697091,KOTH,koth_ashville_final1
18,Ohio Leif Village,The Hardworking Hornets,3697074,KOTH,koth_cascade_rc1a
19,somebody help,The Duddy Dudes,3697067,KOTH,koth_ashville_final1
20,The Duddy Dudes,somebody help,3697036,KOTH,koth_cascade_rc1a
21,Ohio Leif Village,The Hardworking Hornets,3697034,KOTH,koth_ashville_final1
22,Ohio Leif Village,somebody help,3696579,PL,pl_upward_f12
23,The Hardworking Hornets,The Duddy Dudes,3696560,KOTH,koth_ashville_final1
24,somebody help,Ohio Leif Village,3696558,PL,pl_upward_f12
25,The Hardworking Hornets,The Duddy Dudes,3696545,KOTH,koth_ashville_final1
26,Ohio Leif Village,somebody help,3696533,KOTH,koth_lakeside_r2
27,The Hardworking Hornets,The Duddy Dudes,3696525,KOTH,koth_cascade_rc1a
28,The Hardworking Hornets,The Duddy Dudes,3696510,KOTH,koth_cascade_rc1a
29,Ohio Leif Village,somebody help,3696509,KOTH,koth_lakeside_r2
30,The Duddy Dudes,Ohio Leif Village,3696475,PL,pl_upward_f12
31,The Hardworking Hornets,somebody help,3696461,KOTH,koth_lakeside_r2
32,Ohio Leif Village,The Duddy Dudes,3696445,KOTH,koth_ashville_final
33,The Hardworking Hornets,somebody help,3696436,KOTH,koth_ashville_final1
34,The Hardworking Hornets,Ohio Leif Village,3695836,PL,pl_upward_f10
35,The Duddy Dudes,somebody help,3695824,KOTH,koth_ashville_final
36,Ohio Leif Village,The Hardworking Hornets,3695804,KOTH,koth_cascade_rc1a
37,The Duddy Dudes,somebody help,3695802,KOTH,koth_product_final
38,Ohio Leif Village,The Hardworking Hornets,3695789,KOTH,koth_cascade_rc1a
39,The Duddy Dudes,somebody help,3695775,PL,pl_upward_f12
40,Ohio Leif Village,The Hardworking Hornets,3695762,KOTH,koth_lakeside_r2
41,somebody help,The Duddy Dudes,3695746,KOTH,koth_cascade_rc1a
42,Ohio Leif Village,The Hardworking Hornets,3695738,KOTH,koth_product_final
43,somebody help,The Hardworking Hornets,3692695,CP,cp_steel
44,Dreamybull's Kitchen,Run It Back,3692689,PL,pl_swiftwater_final1
45,somebody help,The Hardworking Hornets,3692679,CP,cp_steel
46,The Hardworking Hornets,somebody help,3692640,CP,cp_steel
47,FroggieLand,Unknown,3692635,KOTH,koth_ashville_final1
48,Run It Back,Dreamybull's Kitchen,3692634,PL,pl_swiftwater_final1
49,FroggieLand,Unknown,3692615,KOTH,koth_ashville_final1
50,Dreamybull's Kitchen,Run It Back,3692606,PL,pl_swiftwater_final1
51,somebody help,The Hardworking Hornets,3692605,CP,cp_steel
52,The Duddy Dudes,@MST,3692603,KOTH,koth_ashville_final
53,Unknown,Ohio Leif Village,3692598,KOTH,koth_product_final
54,FroggieLand,Unknown,3692591,KOTH,koth_ashville_final1
55,The Duddy Dudes,@MST,3692590,KOTH,koth_ashville_final
56,Unknown,Ohio Leif Village,3692588,KOTH,koth_product_final
57,Run It Back,Unknown,3692580,PL,pl_swiftwater_final1
58,Unknown,Dreamybull's Kitchen,3692577,PL,pl_swiftwater_final1
59,@MST,somebody help,3692568,CP,cp_steel
60,somebody help,@MST,3692554,CP,cp_steel
61,Ohio Leif Village,The Duddy Dudes,3692552,KOTH,koth_product_final
62,FroggieLand,The Hardworking Hornets,3692546,KOTH,koth_ashville_final1
63,Dreamybull's Kitchen,Unknown,3692542,KOTH,koth_ashville_final1
64,Ohio Leif Village,The Duddy Dudes,3692528,KOTH,koth_ashville_final
65,The Hardworking Hornets,FroggieLand,3692526,CP,cp_steel
66,Run It Back,Unknown,3692525,KOTH,koth_product_final
67,@MST,somebody help,3692520,KOTH,koth_ashville_final1
68,Ohio Leif Village,Dreamybull's Kitchen,3692034,KOTH,koth_product_final
69,FroggieLand,somebody help,3692028,CP,cp_steel
70,The Hardworking Hornets,Unknown,3692018,CP,cp_steel
71,Ohio Leif Village,Dreamybull's Kitchen,3692014,KOTH,koth_product_final
72,@MST,Unknown,3692013,KOTH,koth_ashville_final1
73,somebody help,FroggieLand,3691997,CP,cp_steel
74,@MST,Unknown,3691996,KOTH,koth_ashville_final1
75,Ohio Leif Village,Dreamybull's Kitchen,3691994,KOTH,koth_product_final
76,The Hardworking Hornets,Unknown,3691980,KOTH,koth_product_final
77,FroggieLand,somebody help,3691972,KOTH,koth_ashville_final
78,The Hardworking Hornets,Dreamybull's Kitchen,3691971,PL,pl_swiftwater_final1
79,@MST,Unknown,3691969,KOTH,koth_ashville_final1
80,@MST,Unknown,3691949,KOTH,koth_ashville_final1
81,The Hardworking Hornets,Dreamybull's Kitchen,3691936,CP,cp_steel
82,FroggieLand,somebody help,3691930,KOTH,koth_ashville_final
83,Unknown,@MST,3691925,KOTH,koth_product_final
84,@MST,Dreamybull's Kitchen,3691302,KOTH,koth_ashville_final1
85,Ohio Leif Village,FroggieLand,3691277,KOTH,koth_ashville_final1
86,@MST,Dreamybull's Kitchen,3691275,PL,pl_swiftwater_final1
87,Ohio Leif Village,FroggieLand,3691252,KOTH,koth_product_final
88,Impostors,Unknown,3691242,KOTH,koth_product_final
89,Dreamybull's Kitchen,FroggieLand,3691239,PL,pl_swiftwater_final1
90,@MST,Unknown,3691215,KOTH,koth_ashville_final1
91,FroggieLand,Dreamybull's Kitchen,3691213,KOTH,koth_ashville_final1
92,Impostors,Unknown,3691209,PL,pl_upward_f11
93,Impostors,Unknown,3691188,KOTH,koth_product_final
94,FroggieLand,@MST,3688018,KOTH,koth_cascade_rc1a
95,FroggieLand,@MST,3688013,KOTH,koth_cascade_rc1a
96,Dreamybull's Kitchen,The Hardworking Hornets,3687984,KOTH,koth_cascade_rc1a
97,Worse Comp Format,Run It Back,3687983,KOTH,koth_cascade_rc1a
98,FroggieLand,@MST,3687979,KOTH,koth_cascade_rc1a
99,Worse Comp Format,Run It Back,3687965,KOTH,koth_cascade_rc1a
100,Dreamybull's Kitchen,The Hardworking Hornets,3687963,KOTH,koth_cascade_rc1a
101,Ohio Leif Village,somebody help,3687938,KOTH,koth_cascade_rc1a
102,Unknown,The Duddy Dudes,3687932,KOTH,koth_cascade_rc1a
103,FroggieLand,@MST,3687928,KOTH,koth_cascade_rc1a
104,Dreamybull's Kitchen,The Hardworking Hornets,3687927,KOTH,koth_cascade_rc1a
105,Worse Comp Format,Run It Back,3687923,KOTH,koth_cascade_rc1a
106,Unknown,The Duddy Dudes,3687918,KOTH,koth_cascade_rc1a
107,Ohio Leif Village,somebody help,3687917,KOTH,koth_cascade_rc1a
108,Dreamybull's Kitchen,Run It Back,3687906,KOTH,koth_cascade_rc1a
109,FroggieLand,The Hardworking Hornets,3687892,KOTH,koth_cascade_rc1a
110,@MST,somebody help,3687890,KOTH,koth_cascade_rc1a
111,Ohio Leif Village,The Duddy Dudes,3687882,KOTH,koth_cascade_rc1a
112,Unknown,Worse Comp Format,3687881,KOTH,koth_cascade_rc1a
113,Dreamybull's Kitchen,Run It Back,3687875,KOTH,koth_cascade_rc1a
114,FroggieLand,The Hardworking Hornets,3687873,KOTH,koth_cascade_rc1a
115,Ohio Leif Village,The Duddy Dudes,3687855,KOTH,koth_cascade_rc1a
116,Unknown,Worse Comp Format,3687854,KOTH,koth_cascade_rc1a
117,Dreamybull's Kitchen,Run It Back,3687846,KOTH,koth_cascade_rc1a
118,@MST,somebody help,3687844,KOTH,koth_cascade_rc1a
119,Unknown,Worse Comp Format,3687842,KOTH,koth_cascade_rc1a
120,FroggieLand,The Hardworking Hornets,3687837,KOTH,koth_cascade_rc1a
121,Unknown,The Hardworking Hornets,3687249,KOTH,koth_cascade_rc1a
122,Ohio Leif Village,Dreamybull's Kitchen,3687239,KOTH,koth_cascade_rc1a
123,Worse Comp Format,@MST,3687226,KOTH,koth_cascade_rc1a
124,Unknown,The Hardworking Hornets,3687216,KOTH,koth_cascade_rc1a
125,Ohio Leif Village,Dreamybull's Kitchen,3687213,KOTH,koth_cascade_rc1a
126,FroggieLand,somebody help,3687210,KOTH,koth_cascade_rc1a
127,Worse Comp Format,@MST,3687201,KOTH,koth_cascade_rc1a
128,Ohio Leif Village,Dreamybull's Kitchen,3687193,KOTH,koth_cascade_rc1a
129,FroggieLand,somebody help,3687173,KOTH,koth_cascade_rc1a
130,The Duddy Dudes,The Hardworking Hornets,3687168,KOTH,koth_cascade_rc1a
131,Unknown,Worse Comp Format,3687163,KOTH,koth_cascade_rc1a
132,Ohio Leif Village,Dreamybull's Kitchen,3687157,KOTH,koth_cascade_rc1a
133,The Duddy Dudes,The Hardworking Hornets,3687140,KOTH,koth_cascade_rc1a
134,FroggieLand,somebody help,3687131,KOTH,koth_cascade_rc1a
135,Ohio Leif Village,Dreamybull's Kitchen,3687130,KOTH,koth_cascade_rc1a
136,Unknown,Worse Comp Format,3687125,KOTH,koth_cascade_rc1a
137,The Duddy Dudes,The Hardworking Hornets,3686517,KOTH,koth_cascade_rc1a
138,Dreamybull's Kitchen,Unknown,3686510,KOTH,koth_cascade_rc1a
139,Dreamybull's Kitchen,Unknown,3686500,KOTH,koth_cascade_rc1a
140,The Duddy Dudes,The Hardworking Hornets,3686498,KOTH,koth_cascade_rc1a
141,FroggieLand,Ohio Leif Village,3686497,KOTH,koth_cascade_rc1a
142,Unknown,somebody help,3686491,KOTH,koth_cascade_rc1a
143,FroggieLand,Ohio Leif Village,3686472,KOTH,koth_cascade_rc1a
144,Unknown,somebody help,3686466,KOTH,koth_cascade_rc1a
145,The Duddy Dudes,The Hardworking Hornets,3686461,KOTH,koth_cascade_rc1a
146,Dreamybull's Kitchen,Unknown,3686460,KOTH,koth_cascade_rc1a
147,FroggieLand,Dreamybull's Kitchen,3686447,KOTH,koth_cascade_rc1a
148,FroggieLand,Dreamybull's Kitchen,3686442,KOTH,koth_cascade_rc1a
149,Unknown,somebody help,3686439,KOTH,koth_cascade_rc1a
150,Ohio Leif Village,The Hardworking Hornets,3686429,KOTH,koth_cascade_rc1a
151,FroggieLand,Dreamybull's Kitchen,3686405,KOTH,koth_cascade_rc1a
152,Unknown,somebody help,3686401,KOTH,koth_cascade_rc1a
153,Ohio Leif Village,The Hardworking Hornets,3686392,KOTH,koth_cascade_rc1a
154,Dreamybull's Kitchen,Ohio Leif Village,3679387,CP,cp_steel
155,Dreamybull's Kitchen,Ohio Leif Village,3679386,CP,cp_steel
156,Worse Comp Format,The Hardworking Hornets,3679381,CP,cp_steel
157,Run It Back,@MST,3679377,CP,cp_steel
158,Dreamybull's Kitchen,Ohio Leif Village,3679372,CP,cp_steel
159,The Duddy Dudes,somebody help,3679359,CP,cp_steel
160,Worse Comp Format,The Hardworking Hornets,3679358,CP,cp_steel
161,Ohio Leif Village,Dreamybull's Kitchen,3679334,CP,cp_steel
162,Impostors,FroggieLand,3679333,CP,cp_steel
163,@MST,Run It Back,3679328,CP,cp_steel
164,somebody help,The Duddy Dudes,3679320,CP,cp_steel
165,Impostors,FroggieLand,3679312,CP,cp_steel
166,The Hardworking Hornets,Worse Comp Format,3679304,CP,cp_steel
167,FroggieLand,Impostors,3679300,CP,cp_steel
168,The Duddy Dudes,somebody help,3679292,CP,cp_steel
169,Dreamybull's Kitchen,Ohio Leif Village,3679291,CP,cp_steel
170,Run It Back,@MST,3679282,CP,cp_steel
171,Dreamybull's Kitchen,Run It Back,3679267,CP,cp_steel
172,somebody help,@MST,3679262,CP,cp_steel
173,Impostors,Unknown,3679260,CP,cp_steel
174,Ohio Leif Village,The Duddy Dudes,3679259,CP,cp_steel
175,The Hardworking Hornets,FroggieLand,3679256,CP,cp_steel
176,Unknown,Worse Comp Format,3679253,CP,cp_steel
177,Dreamybull's Kitchen,Run It Back,3679250,CP,cp_steel
178,The Duddy Dudes,Ohio Leif Village,3679243,CP,cp_steel
179,Run It Back,Dreamybull's Kitchen,3679240,CP,cp_steel
180,Worse Comp Format,Unknown,3679237,CP,cp_steel
181,Unknown,Impostors,3679222,CP,cp_steel
182,@MST,somebody help,3679221,CP,cp_steel
183,Ohio Leif Village,The Duddy Dudes,3679220,CP,cp_steel
184,FroggieLand,The Hardworking Hornets,3679212,CP,cp_steel
185,Unknown,Worse Comp Format,3679209,CP,cp_steel
186,somebody help,@MST,3679202,CP,cp_steel
187,Run It Back,Dreamybull's Kitchen,3679197,CP,cp_steel
188,The Duddy Dudes,Ohio Leif Village,3679194,CP,cp_steel
189,Impostors,Unknown,3679189,CP,cp_steel
190,The Hardworking Hornets,FroggieLand,3679185,CP,cp_steel
191,Worse Comp Format,@MST,3678716,CP,cp_steel
192,Worse Comp Format,Unknown,3678715,CP,cp_steel
193,Run It Back,Ohio Leif Village,3678705,CP,cp_steel
194,@MST,Worse Comp Format,3678702,CP,cp_steel
195,somebody help,FroggieLand,3678699,CP,cp_steel
196,Unknown,The Hardworking Hornets,3678686,CP,cp_steel
197,somebody help,FroggieLand,3678682,CP,cp_steel
198,Dreamybull's Kitchen,The Duddy Dudes,3678681,CP,cp_steel
199,Dreamybull's Kitchen,The Duddy Dudes,3678672,CP,cp_steel
200,Ohio Leif Village,Run It Back,3678669,CP,cp_steel
201,Worse Comp Format,@MST,3678668,CP,cp_steel
202,The Hardworking Hornets,Unknown,3678660,CP,cp_steel
203,Dreamybull's Kitchen,The Duddy Dudes,3678655,CP,cp_steel
204,@MST,Worse Comp Format,3678640,CP,cp_steel
205,FroggieLand,somebody help,3678635,CP,cp_steel
206,Run It Back,Ohio Leif Village,3678633,CP,cp_steel
207,@MST,Unknown,3678632,CP,cp_steel
208,The Duddy Dudes,Dreamybull's Kitchen,3678630,CP,cp_steel
209,Unknown,The Hardworking Hornets,3678624,CP,cp_steel
210,Ohio Leif Village,The Duddy Dudes,3678616,CP,cp_steel
211,The Hardworking Hornets,Dreamybull's Kitchen,3678608,CP,cp_steel
212,somebody help,FroggieLand,3678601,CP,cp_steel
213,The Hardworking Hornets,Dreamybull's Kitchen,3678596,CP,cp_steel
214,Worse Comp Format,Unknown,3678591,CP,cp_steel
215,@MST,Unknown,3678588,CP,cp_steel
216,Ohio Leif Village,The Duddy Dudes,3678575,CP,cp_steel
217,Dreamybull's Kitchen,The Hardworking Hornets,3678571,CP,cp_steel
218,Unknown,@MST,3678566,CP,cp_steel
219,Unknown,Worse Comp Format,3678553,CP,cp_steel
220,FroggieLand,somebody help,3678548,CP,cp_steel
221,@MST,Unknown,3678546,CP,cp_steel
222,The Duddy Dudes,Ohio Leif Village,3678545,CP,cp_steel
223,The Hardworking Hornets,Dreamybull's Kitchen,3678541,CP,cp_steel
224,Dreamybull's Kitchen,Unknown,3678010,CP,cp_steel
225,Ohio Leif Village,Unknown,3678008,CP,cp_steel
226,@MST,Dreamybull's Kitchen,3677979,CP,cp_steel
227,Impostors,Unknown,3677973,CP,cp_steel
228,Ohio Leif Village,Unknown,3677963,CP,cp_steel
229,The Duddy Dudes,The Hardworking Hornets,3677961,CP,cp_steel
230,Dreamybull's Kitchen,@MST,3677952,CP,cp_steel
231,Unknown,Impostors,3677947,CP,cp_steel
232,The Hardworking Hornets,The Duddy Dudes,3677934,CP,cp_steel
233,Unknown,Ohio Leif Village,3677929,CP,cp_steel
234,@MST,Dreamybull's Kitchen,3677925,CP,cp_steel
235,Impostors,Unknown,3677920,CP,cp_steel
236,Dreamybull's Kitchen,Unknown,3677911,CP,cp_steel
237,Unknown,@MST,3677906,CP,cp_steel
238,Unknown,@MST,3677900,CP,cp_steel
239,Unknown,The Hardworking Hornets,3677891,CP,cp_steel
240,Unknown,Dreamybull's Kitchen,3677888,CP,cp_steel
241,Run It Back,Impostors,3677883,CP,cp_steel
242,@MST,Unknown,3677878,CP,cp_steel
243,Dreamybull's Kitchen,Unknown,3677875,CP,cp_steel
244,Unknown,@MST,3677864,CP,cp_steel
245,Impostors,Run It Back,3677861,CP,cp_steel
246,The Hardworking Hornets,Unknown,3677854,CP,cp_steel
247,Unknown,Dreamybull's Kitchen,3677853,CP,cp_steel
248,@MST,Unknown,3677851,CP,cp_steel
249,somebody help,Run It Back,3675122,KOTH,koth_lakeside_r2
250,@MST,Unknown,3675111,KOTH,koth_lakeside_r2
251,@MST,Unknown,3675076,KOTH,koth_lakeside_r2
252,somebody help,Run It Back,3675074,KOTH,koth_lakeside_r2
253,Ohio Leif Village,The Hardworking Hornets,3675061,KOTH,koth_lakeside_r2
254,Dreamybull's Kitchen,FroggieLand,3675056,KOTH,koth_lakeside_r2
255,Dreamybull's Kitchen,FroggieLand,3675032,KOTH,koth_lakeside_r2
256,@MST,Unknown,3675014,KOTH,koth_lakeside_r2
257,somebody help,Run It Back,3675008,KOTH,koth_lakeside_r2
258,Ohio Leif Village,The Hardworking Hornets,3675001,KOTH,koth_lakeside_r2
259,Dreamybull's Kitchen,FroggieLand,3675000,KOTH,koth_lakeside_r2
260,Worse Comp Format,The Duddy Dudes,3674995,KOTH,koth_lakeside_r2
261,Worse Comp Format,The Duddy Dudes,3674986,KOTH,koth_lakeside_r2
262,FroggieLand,The Hardworking Hornets,3674963,KOTH,koth_lakeside_r2
263,somebody help,@MST,3674962,KOTH,koth_lakeside_r2
264,Ohio Leif Village,The Duddy Dudes,3674952,KOTH,koth_lakeside_r2
265,Dreamybull's Kitchen,Run It Back,3674951,KOTH,koth_lakeside_r2
266,Ohio Leif Village,The Duddy Dudes,3674923,KOTH,koth_lakeside_r2
267,FroggieLand,The Hardworking Hornets,3674921,KOTH,koth_lakeside_r2
268,somebody help,@MST,3674915,KOTH,koth_lakeside_r2
269,Dreamybull's Kitchen,Run It Back,3674910,KOTH,koth_lakeside_r2
270,Dreamybull's Kitchen,The Hardworking Hornets,3674498,KOTH,koth_lakeside_r2
271,Ohio Leif Village,Dreamybull's Kitchen,3674496,KOTH,koth_lakeside_r2
272,Unknown,@MST,3674485,KOTH,koth_lakeside_r2
273,Unknown,Worse Comp Format,3674482,KOTH,koth_lakeside_r2
274,Ohio Leif Village,Dreamybull's Kitchen,3674474,KOTH,koth_lakeside_r2
275,Unknown,@MST,3674472,KOTH,koth_lakeside_r2
276,FroggieLand,somebody help,3674469,KOTH,koth_lakeside_r2
277,FroggieLand,somebody help,3674444,KOTH,koth_lakeside_r2
278,Unknown,The Hardworking Hornets,3674442,KOTH,koth_lakeside_r2
279,Run It Back,The Duddy Dudes,3674438,KOTH,koth_lakeside_r2
280,Unknown,Worse Comp Format,3674421,KOTH,koth_lakeside_r2
281,Unknown,@MST,3674419,KOTH,koth_lakeside_r2
282,Ohio Leif Village,Dreamybull's Kitchen,3674414,KOTH,koth_lakeside_r2
283,Unknown,The Hardworking Hornets,3674408,KOTH,koth_lakeside_r2
284,FroggieLand,somebody help,3674407,KOTH,koth_lakeside_r2
285,Run It Back,The Duddy Dudes,3674405,KOTH,koth_lakeside_r2
286,Worse Comp Format,Unknown,3674393,KOTH,koth_lakeside_r2
287,FroggieLand,somebody help,3674377,KOTH,koth_lakeside_r2
288,The Duddy Dudes,Ohio Leif Village,3674372,KOTH,koth_lakeside_r2
289,Worse Comp Format,Unknown,3674363,KOTH,koth_lakeside_r2
290,Dreamybull's Kitchen,The Hardworking Hornets,3674358,KOTH,koth_lakeside_r2
291,Unknown,Impostors,3674355,KOTH,koth_lakeside_r2
292,Run It Back,@MST,3674354,KOTH,koth_lakeside_r2
293,FroggieLand,somebody help,3674347,KOTH,koth_lakeside_r2
294,Run It Back,@MST,3674336,KOTH,koth_lakeside_r2
295,The Duddy Dudes,Ohio Leif Village,3674335,KOTH,koth_lakeside_r2
296,Worse Comp Format,Unknown,3674334,KOTH,koth_lakeside_r2
297,Dreamybull's Kitchen,The Hardworking Hornets,3674330,KOTH,koth_lakeside_r2
298,Unknown,Ohio Leif Village,3673820,KOTH,koth_lakeside_r2
299,Dreamybull's Kitchen,somebody help,3673812,KOTH,koth_lakeside_r2
300,Unknown,Ohio Leif Village,3673806,KOTH,koth_lakeside_r2
301,Dreamybull's Kitchen,somebody help,3673782,KOTH,koth_lakeside_r2
302,Unknown,Ohio Leif Village,3673780,KOTH,koth_lakeside_r2
303,The Duddy Dudes,The Hardworking Hornets,3673779,KOTH,koth_lakeside_r2
304,The Hardworking Hornets,Dreamybull's Kitchen,3673775,KOTH,koth_lakeside_r2
305,The Duddy Dudes,somebody help,3673755,KOTH,koth_lakeside_r2
306,The Hardworking Hornets,Dreamybull's Kitchen,3673740,KOTH,koth_lakeside_r2
307,The Duddy Dudes,somebody help,3673734,KOTH,koth_lakeside_r2
308,The Duddy Dudes,somebody help,3673718,KOTH,koth_lakeside_r2
309,The Hardworking Hornets,Dreamybull's Kitchen,3673715,KOTH,koth_lakeside_r2
310,FroggieLand,somebody help,3671156,PL,pl_upward_f12
311,Dreamybull's Kitchen,@MST,3671153,PL,pl_upward_f12
312,FroggieLand,somebody help,3671147,PL,pl_upward_f12
313,The Hardworking Hornets,The Duddy Dudes,3671142,PL,pl_upward_f12
314,Worse Comp Format,Ohio Leif Village,3671140,PL,pl_upward_f12
315,Dreamybull's Kitchen,@MST,3671111,PL,pl_upward_f12
316,Impostors,Run It Back,3671101,PL,pl_upward_f12
317,Ohio Leif Village,Worse Comp Format,3671088,PL,pl_upward_f12
318,Impostors,Run It Back,3671084,PL,pl_upward_f12
319,somebody help,FroggieLand,3671081,PL,pl_upward_f12
320,The Duddy Dudes,The Hardworking Hornets,3671072,PL,pl_upward_f12
321,Run It Back,Impostors,3671059,PL,pl_upward_f12
322,@MST,Dreamybull's Kitchen,3671056,PL,pl_upward_f12
323,Worse Comp Format,Unknown,3671045,PL,pl_upward_f12
324,The Hardworking Hornets,FroggieLand,3671041,PL,pl_upward_f12
325,Ohio Leif Village,The Duddy Dudes,3671034,PL,pl_upward_f12
326,Run It Back,Dreamybull's Kitchen,3671016,PL,pl_upward_f12
327,Unknown,Worse Comp Format,3671009,PL,pl_upward_f12
328,FroggieLand,The Hardworking Hornets,3671000,PL,pl_upward_f12
329,The Duddy Dudes,Ohio Leif Village,3670999,PL,pl_upward_f12
330,Unknown,Impostors,3670997,PL,pl_upward_f12
331,@MST,somebody help,3670996,PL,pl_upward_f12
332,Dreamybull's Kitchen,Run It Back,3670990,PL,pl_upward_f12
333,Worse Comp Format,Unknown,3670979,PL,pl_upward_f12
334,The Hardworking Hornets,FroggieLand,3670972,PL,pl_upward_f12
335,somebody help,@MST,3670963,PL,pl_upward_f12
336,Impostors,Unknown,3670962,PL,pl_upward_f12
337,Run It Back,Dreamybull's Kitchen,3670961,PL,pl_upward_f12
338,Ohio Leif Village,somebody help,3670497,PL,pl_upward_f11
339,Unknown,Worse Comp Format,3670491,PL,pl_upward_f12
340,@MST,Unknown,3670484,PL,pl_upward_f12
341,Unknown,The Hardworking Hornets,3670473,PL,pl_upward_f12
342,The Duddy Dudes,Run It Back,3670469,PL,pl_upward_f11
343,@MST,Unknown,3670464,PL,pl_upward_f12
344,somebody help,Ohio Leif Village,3670456,PL,pl_upward_f11
345,Worse Comp Format,Unknown,3670453,PL,pl_upward_f12
346,Unknown,The Hardworking Hornets,3670451,PL,pl_upward_f12
347,Unknown,@MST,3670429,PL,pl_upward_f12
348,Ohio Leif Village,somebody help,3670428,PL,pl_upward_f11
349,The Hardworking Hornets,Unknown,3670427,PL,pl_upward_f12
350,Run It Back,The Duddy Dudes,3670426,PL,pl_upward_f11
351,Ohio Leif Village,somebody help,3670411,PL,pl_upward_f11
352,The Hardworking Hornets,Dreamybull's Kitchen,3670400,PL,pl_upward_f12
353,The Hardworking Hornets,Dreamybull's Kitchen,3670398,PL,pl_upward_f12
354,@MST,Run It Back,3670392,PL,pl_upward_f12
355,Unknown,somebody help,3670384,PL,pl_upward_f10
356,The Duddy Dudes,Ohio Leif Village,3670380,PL,pl_upward_f11
357,Run It Back,@MST,3670354,PL,pl_upward_f12
358,The Hardworking Hornets,Dreamybull's Kitchen,3670353,PL,pl_upward_f12
359,somebody help,Unknown,3670352,PL,pl_upward_f10
360,Ohio Leif Village,The Duddy Dudes,3670348,PL,pl_upward_f11
361,@MST,Run It Back,3670335,PL,pl_upward_f12
362,Run It Back,somebody help,3669884,PL,pl_upward_f10
363,Run It Back,somebody help,3669879,PL,pl_upward_f10
364,Ohio Leif Village,Dreamybull's Kitchen,3669867,PL,pl_upward_f10
365,Ohio Leif Village,Dreamybull's Kitchen,3669856,PL,pl_upward_f10
366,Run It Back,somebody help,3669855,PL,pl_upward_f10
367,The Duddy Dudes,@MST,3669842,PL,pl_upward_f11
368,somebody help,Run It Back,3669829,PL,pl_upward_f10
369,Dreamybull's Kitchen,Ohio Leif Village,3669818,PL,pl_upward_f10
370,@MST,The Duddy Dudes,3669812,PL,pl_upward_f11
371,Ohio Leif Village,Unknown,3669805,PL,pl_upward_f12
372,Dreamybull's Kitchen,Unknown,3669804,PL,pl_upward_f12
373,Dreamybull's Kitchen,Unknown,3669792,PL,pl_upward_f12
374,@MST,Unknown,3669791,PL,pl_upward_f12
375,Unknown,Dreamybull's Kitchen,3669770,PL,pl_upward_f12
376,Ohio Leif Village,Unknown,3669765,PL,pl_upward_f12
377,Unknown,@MST,3669758,PL,pl_upward_f12
378,Dreamybull's Kitchen,Unknown,3669741,PL,pl_upward_f12
379,FroggieLand,Ohio Leif Village,3666931,KOTH,koth_ashville_final1
380,Run It Back,The Hardworking Hornets,3666919,KOTH,koth_ashville_final1
381,Impostors,Worse Comp Format,3666913,KOTH,koth_ashville_final1
382,FroggieLand,Ohio Leif Village,3666908,KOTH,koth_ashville_final1
383,somebody help,@MST,3666897,KOTH,koth_ashville_final1
384,Dreamybull's Kitchen,The Duddy Dudes,3666890,KOTH,koth_ashville_final
385,Dreamybull's Kitchen,The Duddy Dudes,3666874,KOTH,koth_ashville_final
386,Impostors,Worse Comp Format,3666866,KOTH,koth_ashville_final1
387,FroggieLand,Ohio Leif Village,3666860,KOTH,koth_ashville_final1
388,somebody help,@MST,3666855,KOTH,koth_ashville_final1
389,Run It Back,The Hardworking Hornets,3666848,KOTH,koth_ashville_final1
390,Dreamybull's Kitchen,The Duddy Dudes,3666845,KOTH,koth_ashville_final
391,Run It Back,Dreamybull's Kitchen,3666823,KOTH,koth_ashville_final1
392,Unknown,Worse Comp Format,3666813,KOTH,koth_ashville_final1
393,Run It Back,Dreamybull's Kitchen,3666810,KOTH,koth_ashville_final1
394,Impostors,@MST,3666803,KOTH,koth_ashville_final1
395,FroggieLand,The Hardworking Hornets,3666796,KOTH,koth_ashville_final1
396,Ohio Leif Village,The Duddy Dudes,3666794,KOTH,koth_ashville_final
397,Unknown,Worse Comp Format,3666771,KOTH,koth_ashville_final1
398,Ohio Leif Village,The Duddy Dudes,3666756,KOTH,koth_ashville_final
399,FroggieLand,The Hardworking Hornets,3666746,KOTH,koth_ashville_final1
400,Impostors,@MST,3666745,KOTH,koth_ashville_final1
401,Run It Back,Dreamybull's Kitchen,3666744,KOTH,koth_ashville_final1
402,FroggieLand,somebody help,3666268,KOTH,koth_ashville_final1
403,Ohio Leif Village,Dreamybull's Kitchen,3666264,KOTH,koth_ashville_final1
404,Ohio Leif Village,Dreamybull's Kitchen,3666257,KOTH,koth_ashville_final1
405,@MST,Unknown,3666254,KOTH,koth_ashville_final1
406,FroggieLand,somebody help,3666230,KOTH,koth_ashville_final1
407,Ohio Leif Village,Dreamybull's Kitchen,3666223,KOTH,koth_ashville_final1
408,The Duddy Dudes,Run It Back,3666222,KOTH,koth_ashville_final1
409,The Hardworking Hornets,Unknown,3666215,KOTH,koth_ashville_final1
410,@MST,Unknown,3666189,KOTH,koth_ashville_final1
411,The Hardworking Hornets,Unknown,3666188,KOTH,koth_ashville_final1
412,Ohio Leif Village,Dreamybull's Kitchen,3666180,KOTH,koth_ashville_final1
413,FroggieLand,somebody help,3666179,KOTH,koth_ashville_final1
414,The Duddy Dudes,Run It Back,3666178,KOTH,koth_ashville_final1
415,The Hardworking Hornets,Dreamybull's Kitchen,3666174,KOTH,koth_ashville_final1
416,FroggieLand,somebody help,3666163,KOTH,koth_ashville_final1
417,The Hardworking Hornets,Dreamybull's Kitchen,3666160,KOTH,koth_ashville_final1
418,Unknown,Worse Comp Format,3666155,KOTH,koth_ashville_final1
419,@MST,Unknown,3666152,KOTH,koth_ashville_final1
420,The Duddy Dudes,Ohio Leif Village,3666147,KOTH,koth_ashville_final1
421,Unknown,Worse Comp Format,3666129,KOTH,koth_ashville_final1
422,@MST,Unknown,3666121,KOTH,koth_ashville_final1
423,The Hardworking Hornets,Dreamybull's Kitchen,3666119,KOTH,koth_ashville_final1
424,FroggieLand,somebody help,3666118,KOTH,koth_ashville_final1
425,The Duddy Dudes,Ohio Leif Village,3666114,KOTH,koth_ashville_final1
426,Worse Comp Format,Unknown,3665599,KOTH,koth_ashville_final1
427,Impostors,Unknown,3665587,KOTH,koth_ashville_final1
428,Dreamybull's Kitchen,@MST,3665578,KOTH,koth_ashville_final1
429,Impostors,Unknown,3665572,KOTH,koth_ashville_final1
430,Dreamybull's Kitchen,@MST,3665570,KOTH,koth_ashville_final1
431,The Duddy Dudes,The Hardworking Hornets,3665563,KOTH,koth_ashville_final
432,Unknown,somebody help,3665561,KOTH,koth_ashville_final1
433,Worse Comp Format,Unknown,3665548,KOTH,koth_ashville_final1
434,Dreamybull's Kitchen,@MST,3665543,KOTH,koth_ashville_final1
435,Impostors,Unknown,3665539,KOTH,koth_ashville_final1
436,Unknown,somebody help,3665537,KOTH,koth_ashville_final1
437,The Duddy Dudes,The Hardworking Hornets,3665536,KOTH,koth_ashville_final
438,Unknown,Dreamybull's Kitchen,3665525,KOTH,koth_ashville_final1
439,Impostors,Unknown,3665523,KOTH,koth_ashville_final1
440,Unknown,Dreamybull's Kitchen,3665521,KOTH,koth_ashville_final1
441,Worse Comp Format,@MST,3665520,KOTH,koth_ashville_final1
442,Ohio Leif Village,The Hardworking Hornets,3665515,KOTH,koth_ashville_final1
443,Unknown,Dreamybull's Kitchen,3665499,KOTH,koth_ashville_final1
444,Impostors,Unknown,3665495,KOTH,koth_ashville_final1
445,The Duddy Dudes,somebody help,3665492,KOTH,koth_ashville_final1
446,Worse Comp Format,@MST,3665489,KOTH,koth_ashville_final1
447,Ohio Leif Village,The Hardworking Hornets,3665486,KOTH,koth_ashville_final1
448,Impostors,Unknown,3665469,KOTH,koth_ashville_final1
449,The Duddy Dudes,somebody help,3665467,KOTH,koth_ashville_final1
450,Worse Comp Format,@MST,3665465,KOTH,koth_ashville_final1
451,Ohio Leif Village,The Hardworking Hornets,3665461,KOTH,koth_ashville_final1
452,The Duddy Dudes,somebody help,3665455,KOTH,koth_ashville_final1
453,@MST,Worse Comp Format,3662782,PL,pl_swiftwater_final1
454,FroggieLand,The Duddy Dudes,3662777,PL,pl_swiftwater_final1
455,Dreamybull's Kitchen,somebody help,3662759,PL,pl_swiftwater_final1
456,FroggieLand,The Duddy Dudes,3662757,PL,pl_swiftwater_final1
457,Impostors,The Hardworking Hornets,3662748,PL,pl_swiftwater_final1
458,Run It Back,Ohio Leif Village,3662745,PL,pl_swiftwater_final1
459,Worse Comp Format,@MST,3662721,PL,pl_swiftwater_final1
460,The Hardworking Hornets,Impostors,3662705,PL,pl_swiftwater_final1
461,The Duddy Dudes,FroggieLand,3662694,PL,pl_swiftwater_final1
462,Ohio Leif Village,Run It Back,3662685,PL,pl_swiftwater_final1
463,somebody help,Dreamybull's Kitchen,3662684,PL,pl_swiftwater_final1
464,@MST,Worse Comp Format,3662675,PL,pl_swiftwater_final1
465,Dreamybull's Kitchen,Run It Back,3662656,PL,pl_swiftwater_final1
466,Dreamybull's Kitchen,Run It Back,3662650,PL,pl_swiftwater_final1
467,FroggieLand,The Hardworking Hornets,3662640,PL,pl_swiftwater_final1
468,Ohio Leif Village,The Duddy Dudes,3662628,PL,pl_swiftwater_final1
469,Worse Comp Format,Unknown,3662625,PL,pl_swiftwater_final1
470,@MST,somebody help,3662623,PL,pl_swiftwater_final1
471,Unknown,Impostors,3662614,PL,pl_swiftwater_final1
472,Run It Back,Dreamybull's Kitchen,3662607,PL,pl_swiftwater_final1
473,The Duddy Dudes,Ohio Leif Village,3662599,PL,pl_swiftwater_final1
474,The Hardworking Hornets,FroggieLand,3662590,PL,pl_swiftwater_final1
475,somebody help,@MST,3662587,PL,pl_swiftwater_final1
476,Dreamybull's Kitchen,Run It Back,3662582,PL,pl_swiftwater_final1
477,Impostors,Unknown,3662580,PL,pl_swiftwater_final1
478,Ohio Leif Village,Dreamybull's Kitchen,3662182,PL,pl_swiftwater_final1
479,@MST,Unknown,3662180,PL,pl_swiftwater_final1
480,FroggieLand,somebody help,3662172,PL,pl_swiftwater_final1
481,@MST,Unknown,3662166,PL,pl_swiftwater_final1
482,Impostors,Unknown,3662162,PL,pl_swiftwater_final1
483,The Hardworking Hornets,Worse Comp Format,3662161,PL,pl_swiftwater_final1
484,Ohio Leif Village,Dreamybull's Kitchen,3662156,PL,pl_swiftwater_final1
485,FroggieLand,somebody help,3662153,PL,pl_swiftwater_final1
486,Run It Back,Unknown,3662124,PL,pl_swiftwater_final1
487,Unknown,The Hardworking Hornets,3662118,PL,pl_swiftwater_final1
488,Unknown,@MST,3662114,PL,pl_swiftwater_final1
489,Unknown,Run It Back,3662110,PL,pl_swiftwater_final1
490,Dreamybull's Kitchen,Ohio Leif Village,3662105,PL,pl_swiftwater_final1
491,Unknown,Impostors,3662103,PL,pl_swiftwater_final1
492,somebody help,FroggieLand,3662098,PL,pl_swiftwater_final1
493,The Hardworking Hornets,Dreamybull's Kitchen,3662083,PL,pl_swiftwater_final1
494,The Hardworking Hornets,Dreamybull's Kitchen,3662080,PL,pl_swiftwater_final1
495,@MST,Run It Back,3662068,PL,pl_swiftwater_final1
496,FroggieLand,somebody help,3662060,PL,pl_swiftwater_final1
497,Impostors,Unknown,3662050,PL,pl_swiftwater_final1
498,Ohio Leif Village,Unknown,3662049,PL,pl_swiftwater_final1
499,Dreamybull's Kitchen,The Hardworking Hornets,3662036,PL,pl_swiftwater_final1
500,Run It Back,@MST,3662028,PL,pl_swiftwater_final1
501,Unknown,Impostors,3662026,PL,pl_swiftwater_final1
502,somebody help,FroggieLand,3662020,PL,pl_swiftwater_final1
503,Unknown,Ohio Leif Village,3662018,PL,pl_swiftwater_final1
504,Unknown,Worse Comp Format,3661502,PL,pl_swiftwater_final1
505,Impostors,Unknown,3661485,PL,pl_swiftwater_final1
506,@MST,Dreamybull's Kitchen,3661478,PL,pl_swiftwater_final1
507,@MST,Dreamybull's Kitchen,3661477,PL,pl_swiftwater_final1
508,somebody help,Run It Back,3661471,PL,pl_swiftwater_final1
509,The Duddy Dudes,The Hardworking Hornets,3661469,PL,pl_swiftwater_final1
510,Worse Comp Format,Unknown,3661465,PL,pl_swiftwater_final1
511,Dreamybull's Kitchen,@MST,3661459,PL,pl_swiftwater_final1
512,FroggieLand,Ohio Leif Village,3661453,PL,pl_swiftwater_final1
513,Unknown,Impostors,3661448,PL,pl_swiftwater_final1
514,Ohio Leif Village,FroggieLand,3661446,PL,pl_swiftwater_final1
515,Run It Back,somebody help,3661441,PL,pl_swiftwater_final1
516,The Hardworking Hornets,The Duddy Dudes,3661440,PL,pl_swiftwater_final1
517,Worse Comp Format,Unknown,3661436,PL,pl_swiftwater_final1
518,FroggieLand,Dreamybull's Kitchen,3661424,PL,pl_swiftwater_final1
519,FroggieLand,Dreamybull's Kitchen,3661421,PL,pl_swiftwater_final1
520,Impostors,Run It Back,3661416,PL,pl_swiftwater_final1
521,somebody help,The Duddy Dudes,3661406,PL,pl_swiftwater_final1
522,The Hardworking Hornets,Ohio Leif Village,3661405,PL,pl_swiftwater_final1
523,Unknown,Worse Comp Format,3661404,PL,pl_swiftwater_final1
524,Impostors,Run It Back,3661400,PL,pl_swiftwater_final1
525,The Duddy Dudes,somebody help,3661394,PL,pl_swiftwater_final1
526,Ohio Leif Village,The Hardworking Hornets,3661391,PL,pl_swiftwater_final1
527,Dreamybull's Kitchen,FroggieLand,3661389,PL,pl_swiftwater_final1
528,Worse Comp Format,Unknown,3661376,PL,pl_swiftwater_final1
529,Run It Back,Impostors,3661371,PL,pl_swiftwater_final1
530,somebody help,The Duddy Dudes,3661370,PL,pl_swiftwater_final1
531,The Hardworking Hornets,Ohio Leif Village,3661366,PL,pl_swiftwater_final1
532,Ohio Leif Village,@MST,3658586,KOTH,koth_product_final
533,The Duddy Dudes,Run It Back,3658569,KOTH,koth_product_final
534,The Duddy Dudes,Run It Back,3658541,KOTH,koth_product_final
535,Dreamybull's Kitchen,Worse Comp Format,3658537,KOTH,koth_product_final
536,Impostors,somebody help,3658533,KOTH,koth_product_final
537,Ohio Leif Village,@MST,3658521,KOTH,koth_product_final
538,The Duddy Dudes,Run It Back,3658498,KOTH,koth_product_final
539,Impostors,somebody help,3658495,KOTH,koth_product_final
540,Dreamybull's Kitchen,Worse Comp Format,3658491,KOTH,koth_product_final
541,Ohio Leif Village,@MST,3658489,KOTH,koth_product_final
542,Dreamybull's Kitchen,Run It Back,3658460,KOTH,koth_product_final
543,The Duddy Dudes,Ohio Leif Village,3658459,KOTH,koth_product_final
544,Impostors,Unknown,3658437,KOTH,koth_product_final
545,FroggieLand,Worse Comp Format,3658436,KOTH,koth_product_final
546,Dreamybull's Kitchen,Run It Back,3658428,KOTH,koth_product_final
547,The Duddy Dudes,Ohio Leif Village,3658421,KOTH,koth_product_final
548,@MST,somebody help,3658416,KOTH,koth_product_final
549,FroggieLand,Worse Comp Format,3658390,KOTH,koth_product_final
550,@MST,somebody help,3658389,KOTH,koth_product_final
551,The Duddy Dudes,Ohio Leif Village,3658386,KOTH,koth_product_final
552,Impostors,Unknown,3658384,KOTH,koth_product_final
553,Dreamybull's Kitchen,Run It Back,3658382,KOTH,koth_product_final
554,Unknown,Run It Back,3657948,KOTH,koth_product_final
555,Dreamybull's Kitchen,Ohio Leif Village,3657942,KOTH,koth_product_final
556,Unknown,@MST,3657938,KOTH,koth_product_final
557,Unknown,@MST,3657926,KOTH,koth_product_final
558,Impostors,The Hardworking Hornets,3657921,KOTH,koth_product_final
559,Unknown,Run It Back,3657903,KOTH,koth_product_final
560,Dreamybull's Kitchen,Ohio Leif Village,3657900,KOTH,koth_product_final
561,Worse Comp Format,somebody help,3657891,KOTH,koth_product_final
562,Impostors,The Hardworking Hornets,3657886,KOTH,koth_product_final
563,Unknown,@MST,3657871,KOTH,koth_product_final
564,Unknown,Run It Back,3657869,KOTH,koth_product_final
565,Dreamybull's Kitchen,Ohio Leif Village,3657866,KOTH,koth_product_final
566,Worse Comp Format,somebody help,3657864,KOTH,koth_product_final
567,Impostors,The Hardworking Hornets,3657858,KOTH,koth_product_final
568,Impostors,Worse Comp Format,3657839,KOTH,koth_product_final
569,Run It Back,@MST,3657833,KOTH,koth_product_final
570,Unknown,Dreamybull's Kitchen,3657831,KOTH,koth_product_final
571,Unknown,Dreamybull's Kitchen,3657830,KOTH,koth_product_final
572,Unknown,Dreamybull's Kitchen,3657816,KOTH,koth_product_final
573,Unknown,somebody help,3657814,KOTH,koth_product_final
574,The Duddy Dudes,Ohio Leif Village,3657813,KOTH,koth_product_final
575,Run It Back,@MST,3657807,KOTH,koth_product_final
576,Unknown,Dreamybull's Kitchen,3657792,KOTH,koth_product_final
577,Unknown,somebody help,3657782,KOTH,koth_product_final
578,Impostors,Worse Comp Format,3657778,KOTH,koth_product_final
579,The Duddy Dudes,Ohio Leif Village,3657776,KOTH,koth_product_final
580,Run It Back,@MST,3657772,KOTH,koth_product_final
581,Impostors,Unknown,3657234,KOTH,koth_product_final
582,Ohio Leif Village,FroggieLand,3657229,KOTH,koth_product_final
583,Dreamybull's Kitchen,@MST,3657220,KOTH,koth_product_final
584,The Duddy Dudes,The Hardworking Hornets,3657214,KOTH,koth_product_final
585,Dreamybull's Kitchen,@MST,3657208,KOTH,koth_product_final
586,Ohio Leif Village,FroggieLand,3657205,KOTH,koth_product_final
587,Impostors,Unknown,3657191,KOTH,koth_product_final
588,Dreamybull's Kitchen,@MST,3657180,KOTH,koth_product_final
589,The Duddy Dudes,The Hardworking Hornets,3657178,KOTH,koth_product_final
590,Ohio Leif Village,FroggieLand,3657175,KOTH,koth_product_final
591,Ohio Leif Village,The Hardworking Hornets,3657171,KOTH,koth_product_final
592,FroggieLand,Dreamybull's Kitchen,3657170,KOTH,koth_product_final
593,FroggieLand,Dreamybull's Kitchen,3657169,KOTH,koth_product_final
594,Impostors,Run It Back,3657148,KOTH,koth_product_final
595,Ohio Leif Village,The Hardworking Hornets,3657147,KOTH,koth_product_final
596,Unknown,@MST,3657144,KOTH,koth_product_final
597,FroggieLand,Dreamybull's Kitchen,3657136,KOTH,koth_product_final
598,Ohio Leif Village,The Hardworking Hornets,3657111,KOTH,koth_product_final
599,Impostors,Run It Back,3657107,KOTH,koth_product_final
600,Unknown,@MST,3657101,KOTH,koth_product_final
601,Ohio Leif Village,The Hardworking Hornets,3657098,KOTH,koth_product_final
602,Impostors,Dreamybull's Kitchen,3654295,PL,pl_vigil_rc10
603,Dreamybull's Kitchen,Impostors,3654278,PL,pl_vigil_rc10
604,Dreamybull's Kitchen,Impostors,3654266,PL,pl_vigil_rc10
605,FroggieLand,The Hardworking Hornets,3654262,PL,pl_vigil_rc10
606,The Duddy Dudes,Ohio Leif Village,3654259,PL,pl_vigil_rc10
607,Run It Back,FroggieLand,3654250,PL,pl_vigil_rc10
608,Run It Back,FroggieLand,3654247,PL,pl_vigil_rc10
609,@MST,The Hardworking Hornets,3654235,PL,pl_vigil_rc10
610,The Duddy Dudes,Ohio Leif Village,3654233,PL,pl_vigil_rc10
611,@MST,The Hardworking Hornets,3654208,PL,pl_vigil_rc10
612,Impostors,Dreamybull's Kitchen,3654203,PL,pl_vigil_rc10
613,FroggieLand,Run It Back,3654196,PL,pl_vigil_rc10
614,Worse Comp Format,somebody help,3654195,PL,pl_vigil_rc10
615,Ohio Leif Village,The Duddy Dudes,3654172,PL,pl_vigil_rc10
616,somebody help,Worse Comp Format,3654153,PL,pl_vigil_rc10
617,Run It Back,FroggieLand,3654151,PL,pl_vigil_rc10
618,The Hardworking Hornets,@MST,3654150,PL,pl_vigil_rc10
619,Dreamybull's Kitchen,Impostors,3654142,PL,pl_vigil_rc10
620,The Duddy Dudes,Ohio Leif Village,3654130,PL,pl_vigil_rc10
621,Run It Back,Dreamybull's Kitchen,3654116,PL,pl_vigil_rc10
622,somebody help,@MST,3654110,PL,pl_vigil_rc10
623,Dreamybull's Kitchen,Run It Back,3654094,PL,pl_vigil_rc10
624,FroggieLand,The Hardworking Hornets,3654086,PL,pl_vigil_rc10
625,Ohio Leif Village,Worse Comp Format,3654084,PL,pl_vigil_rc10
626,Unknown,Impostors,3654080,PL,pl_vigil_rc10
627,@MST,somebody help,3654062,PL,pl_vigil_rc10
628,The Hardworking Hornets,FroggieLand,3654046,PL,pl_vigil_rc10
629,Run It Back,Dreamybull's Kitchen,3654045,PL,pl_vigil_rc10
630,Impostors,Unknown,3654039,PL,pl_vigil_rc10
631,Worse Comp Format,Ohio Leif Village,3654036,PL,pl_vigil_rc10
632,somebody help,@MST,3654033,PL,pl_vigil_rc10
633,Dreamybull's Kitchen,Ohio Leif Village,3653567,PL,pl_vigil_rc10
634,Unknown,Worse Comp Format,3653564,PL,pl_vigil_rc10
635,The Duddy Dudes,Run It Back,3653559,PL,pl_vigil_rc10
636,Unknown,@MST,3653553,PL,pl_vigil_rc10
637,Dreamybull's Kitchen,Ohio Leif Village,3653550,PL,pl_vigil_rc10
638,Impostors,somebody help,3653548,PL,pl_vigil_rc10
639,FroggieLand,The Hardworking Hornets,3653547,PL,pl_vigil_rc10
640,FroggieLand,The Hardworking Hornets,3653545,PL,pl_vigil_rc10
641,Unknown,@MST,3653534,PL,pl_vigil_rc10
642,Worse Comp Format,Unknown,3653526,PL,pl_vigil_rc10
643,Ohio Leif Village,Dreamybull's Kitchen,3653522,PL,pl_vigil_rc10
644,somebody help,Impostors,3653519,PL,pl_vigil_rc10
645,Run It Back,The Duddy Dudes,3653518,PL,pl_vigil_rc10
646,The Hardworking Hornets,FroggieLand,3653513,PL,pl_vigil_rc10
647,@MST,Unknown,3653509,PL,pl_vigil_rc10
648,Dreamybull's Kitchen,Ohio Leif Village,3653502,PL,pl_vigil_rc10
649,Ohio Leif Village,Dreamybull's Kitchen,3653495,PL,pl_vigil_rc10
650,Unknown,Worse Comp Format,3653487,PL,pl_vigil_rc10
651,The Duddy Dudes,Run It Back,3653484,PL,pl_vigil_rc10
652,Unknown,@MST,3653477,PL,pl_vigil_rc10
653,Impostors,somebody help,3653472,PL,pl_vigil_rc10
654,The Hardworking Hornets,Ohio Leif Village,3653461,PL,pl_vigil_rc10
655,Worse Comp Format,Dreamybull's Kitchen,3653453,PL,pl_vigil_rc10
656,The Hardworking Hornets,Ohio Leif Village,3653449,PL,pl_vigil_rc10
657,@MST,Run It Back,3653444,PL,pl_vigil_rc10
658,FroggieLand,somebody help,3653435,PL,pl_vigil_rc10
659,Unknown,Impostors,3653433,PL,pl_vigil_rc10
660,Dreamybull's Kitchen,Worse Comp Format,3653426,PL,pl_vigil_rc10
661,somebody help,Unknown,3653414,PL,pl_vigil_rc10
662,Ohio Leif Village,The Hardworking Hornets,3653400,PL,pl_vigil_rc10
663,Impostors,Unknown,3653392,PL,pl_vigil_rc10
664,Run It Back,@MST,3653391,PL,pl_vigil_rc10
665,Worse Comp Format,Dreamybull's Kitchen,3653390,PL,pl_vigil_rc10
666,Ohio Leif Village,FroggieLand,3652839,PL,pl_vigil_rc10
667,@MST,Dreamybull's Kitchen,3652832,PL,pl_vigil_rc10
668,Ohio Leif Village,FroggieLand,3652831,PL,pl_vigil_rc10
669,The Duddy Dudes,The Hardworking Hornets,3652823,PL,pl_vigil_rc10
670,Unknown,Impostors,3652821,PL,pl_vigil_rc10
671,Dreamybull's Kitchen,@MST,3652819,PL,pl_vigil_rc10
672,Run It Back,somebody help,3652812,PL,pl_vigil_rc10
673,The Duddy Dudes,The Hardworking Hornets,3652800,PL,pl_vigil_rc10
674,FroggieLand,Ohio Leif Village,3652794,PL,pl_vigil_rc10
675,Impostors,Unknown,3652783,PL,pl_vigil_rc10
676,somebody help,Run It Back,3652775,PL,pl_vigil_rc10
677,@MST,Dreamybull's Kitchen,3652773,PL,pl_vigil_rc10
678,The Hardworking Hornets,The Duddy Dudes,3652768,PL,pl_vigil_rc10
679,Ohio Leif Village,FroggieLand,3652765,PL,pl_vigil_rc10
680,FroggieLand,Dreamybull's Kitchen,3652759,PL,pl_vigil_rc10
681,FroggieLand,Dreamybull's Kitchen,3652756,PL,pl_vigil_rc10
682,Run It Back,Impostors,3652755,PL,pl_vigil_rc10
683,The Duddy Dudes,somebody help,3652744,PL,pl_vigil_rc10
684,The Hardworking Hornets,Ohio Leif Village,3652743,PL,pl_vigil_rc10
685,Unknown,@MST,3652737,PL,pl_vigil_rc10
686,Ohio Leif Village,The Hardworking Hornets,3652725,PL,pl_vigil_rc10
687,Impostors,Run It Back,3652723,PL,pl_vigil_rc10
688,Dreamybull's Kitchen,FroggieLand,3652720,PL,pl_vigil_rc10
689,somebody help,The Duddy Dudes,3652713,PL,pl_vigil_rc10
690,@MST,Unknown,3652704,PL,pl_vigil_rc10
691,The Duddy Dudes,somebody help,3652703,PL,pl_vigil_rc10
692,Run It Back,Impostors,3652697,PL,pl_vigil_rc10
693,The Hardworking Hornets,Ohio Leif Village,3652693,PL,pl_vigil_rc10
694,somebody help,The Duddy Dudes,3652690,PL,pl_vigil_rc10
695,Dreamybull's Kitchen,Ohio Leif Village,3649865,PL,pl_upward_f10
696,@MST,Impostors,3649855,PL,pl_upward_f11
697,Unknown,Run It Back,3649830,KOTH,koth_cascade_rc1a
698,Unknown,Run It Back,3649808,KOTH,koth_cascade_rc1a
699,Ohio Leif Village,Dreamybull's Kitchen,3649798,KOTH,koth_ashville_final1
700,Impostors,@MST,3649793,KOTH,koth_product_final
701,Unknown,Dreamybull's Kitchen,3649780,KOTH,koth_product_final
702,Run It Back,FroggieLand,3649777,PL,pl_upward_f12
703,Dreamybull's Kitchen,Unknown,3649763,PL,pl_vigil_rc10
704,@MST,Unknown,3649762,PL,pl_vigil_rc10
705,Impostors,Unknown,3649740,KOTH,koth_product_final
706,Run It Back,FroggieLand,3649736,KOTH,koth_ashville_final
707,Unknown,Dreamybull's Kitchen,3649734,PL,pl_vigil_rc10
708,Impostors,Unknown,3649727,PL,pl_vigil_rc10
709,Run It Back,FroggieLand,3649721,KOTH,koth_ashville_final
710,Unknown,@MST,3649720,KOTH,koth_product_final
711,Ohio Leif Village,Run It Back,3649223,KOTH,koth_product_final
712,FroggieLand,Impostors,3649208,KOTH,koth_product_final
713,Run It Back,Ohio Leif Village,3649200,PL,pl_upward_f12
714,FroggieLand,Impostors,3649187,PL,pl_vigil_rc10
715,Dreamybull's Kitchen,Unknown,3649175,KOTH,koth_product_final
716,@MST,Run It Back,3649174,KOTH,koth_ashville_final
717,Ohio Leif Village,Unknown,3649169,KOTH,koth_cascade_rc1a
718,Impostors,Unknown,3649160,PL,pl_vigil_rc10
719,@MST,Run It Back,3649159,KOTH,koth_ashville_final
720,Dreamybull's Kitchen,Unknown,3649148,KOTH,koth_product_final
721,Run It Back,@MST,3649133,PL,pl_vigil_rc10
722,Unknown,Dreamybull's Kitchen,3649124,PL,pl_vigil_rc10
723,Unknown,Ohio Leif Village,3649123,KOTH,koth_lakeside_r2
724,Unknown,Impostors,3649121,KOTH,koth_product_final
725,Dreamybull's Kitchen,@MST,3648542,PL,pl_vigil_rc9
726,Run It Back,Impostors,3648536,PL,pl_vigil_rc10
727,FroggieLand,Ohio Leif Village,3648532,KOTH,koth_ashville_final1
728,Ohio Leif Village,FroggieLand,3648510,PL,pl_swiftwater_final1
729,@MST,Dreamybull's Kitchen,3648501,KOTH,koth_product_final
730,Impostors,Run It Back,3648500,KOTH,koth_product_final
731,Dreamybull's Kitchen,Run It Back,3648471,PL,pl_vigil_rc10
732,FroggieLand,Unknown,3648464,KOTH,koth_ashville_final1
733,Ohio Leif Village,The Duddy Dudes,3648463,PL,pl_upward_f11
734,The Duddy Dudes,Ohio Leif Village,3648449,PL,pl_upward_f11
735,Impostors,Unknown,3648444,KOTH,koth_product_final
736,Unknown,FroggieLand,3648438,PL,pl_upward_f11
737,Unknown,Impostors,3648425,PL,pl_vigil_rc10
738,The Duddy Dudes,Ohio Leif Village,3648422,KOTH,koth_ashville_final
739,Run It Back,Dreamybull's Kitchen,3648419,KOTH,koth_ashville_final
740,@MST,Unknown,3645921,PL,pl_vigil_rc10
741,Dreamybull's Kitchen,Worse Comp Format,3645912,PL,pl_vigil_rc10
742,Unknown,@MST,3645886,PL,pl_vigil_rc10
743,Impostors,Unknown,3645873,KOTH,koth_product_final
744,Dreamybull's Kitchen,Worse Comp Format,3645858,KOTH,koth_product_final
745,Unknown,Impostors,3645843,PL,pl_vigil_rc10
746,Unknown,@MST,3645839,KOTH,koth_ashville_final
747,Dreamybull's Kitchen,Ohio Leif Village,3645816,KOTH,koth_lakeside_final
748,@MST,Run It Back,3645805,KOTH,koth_ashville_final
749,Worse Comp Format,Unknown,3645798,PL,pl_vigil_rc10
750,Ohio Leif Village,Dreamybull's Kitchen,3645790,PL,pl_upward_f10
751,@MST,Run It Back,3645787,PL,pl_vigil_rc10
752,Run It Back,@MST,3645765,PL,pl_vigil_rc10
753,Worse Comp Format,Unknown,3645760,KOTH,koth_lakeside_r2
754,The Hardworking Hornets,Ohio Leif Village,3645370,PL,pl_vigil_rc10
755,Dreamybull's Kitchen,@MST,3645366,PL,pl_vigil_rc10
756,Run It Back,The Duddy Dudes,3645350,KOTH,koth_product_final
757,Unknown,Impostors,3645337,KOTH,koth_ashville_final1
758,Dreamybull's Kitchen,@MST,3645325,KOTH,koth_ashville_final
759,The Hardworking Hornets,Ohio Leif Village,3645320,KOTH,koth_product_final
760,Run It Back,The Duddy Dudes,3645316,KOTH,koth_cascade_rc1a
761,Impostors,Unknown,3645310,PL,pl_vigil_rc10
762,Ohio Leif Village,Dreamybull's Kitchen,3645305,PL,pl_upward_f11
763,@MST,Unknown,3645281,KOTH,koth_ashville_final1
764,The Duddy Dudes,Unknown,3645268,PL,pl_vigil_rc10
765,@MST,Unknown,3645263,KOTH,koth_lakeside_r2
766,Ohio Leif Village,Dreamybull's Kitchen,3645262,KOTH,koth_ashville_final1
767,Unknown,Impostors,3645252,KOTH,koth_ashville_final1
768,The Duddy Dudes,Unknown,3645231,KOTH,koth_lakeside_r2
769,@MST,Unknown,3645230,KOTH,koth_lakeside_r2
770,Unknown,Impostors,3645229,PL,pl_vigil_rc10
771,Unknown,@MST,3644780,PL,pl_vigil_rc10
772,Run It Back,Unknown,3644766,PL,pl_vigil_rc10
773,Unknown,Dreamybull's Kitchen,3644758,KOTH,koth_lakeside_r2
774,Unknown,Run It Back,3644754,PL,pl_vigil_rc10
775,Unknown,@MST,3644746,KOTH,koth_product_final
776,Impostors,Unknown,3644732,KOTH,koth_product_final
777,Unknown,@MST,3644731,KOTH,koth_product_final
778,Dreamybull's Kitchen,Unknown,3644726,KOTH,koth_ashville_final1
779,Run It Back,Unknown,3644722,KOTH,koth_product_final
780,Unknown,Impostors,3644718,PL,pl_vigil_rc10
781,Dreamybull's Kitchen,Run It Back,3644702,PL,pl_vigil_rc10
782,The Duddy Dudes,Unknown,3644697,PL,pl_swiftwater_final1
783,Impostors,Unknown,3644681,KOTH,koth_product_final
784,Run It Back,Dreamybull's Kitchen,3644678,KOTH,koth_product_final
785,Unknown,Impostors,3644667,PL,pl_vigil_rc10
786,Unknown,The Duddy Dudes,3644666,KOTH,koth_product_final
787,Unknown,FroggieLand,3641746,PL,pl_upward_f11
788,somebody help,@MST,3641712,PL,pl_vigil_rc10
789,FroggieLand,Unknown,3641711,KOTH,koth_product_final
790,somebody help,@MST,3641679,PL,pl_vigil_rc10
791,Unknown,Dreamybull's Kitchen,3641678,KOTH,koth_product_final
792,Impostors,Unknown,3641676,PL,pl_vigil_rc10
793,FroggieLand,Unknown,3641669,KOTH,koth_ashville_final
794,Impostors,Unknown,3641647,KOTH,koth_ashville_final1
795,somebody help,@MST,3641636,PL,pl_upward_f10
796,Unknown,FroggieLand,3641621,PL,pl_vigil_rc10
797,Unknown,Impostors,3641618,PL,pl_swiftwater_final1
798,Unknown,Dreamybull's Kitchen,3641615,KOTH,koth_ashville_final1
799,@MST,somebody help,3641587,KOTH,koth_product_final
800,FroggieLand,Unknown,3641586,KOTH,koth_ashville_final1
801,Unknown,Dreamybull's Kitchen,3641583,KOTH,koth_product_final
802,Impostors,Unknown,3641580,KOTH,koth_product_final
803,@MST,Unknown,3641159,PL,pl_vigil_rc10
804,FroggieLand,Impostors,3641153,PL,pl_upward_f11
805,Dreamybull's Kitchen,Ohio Leif Village,3641147,KOTH,koth_product_final
806,Dreamybull's Kitchen,Ohio Leif Village,3641125,KOTH,koth_ashville_final
807,@MST,Unknown,3641108,KOTH,koth_ashville_final
808,FroggieLand,Impostors,3641107,KOTH,koth_ashville_final1
809,somebody help,Unknown,3641091,PL,pl_vigil_rc10
810,Dreamybull's Kitchen,Unknown,3641086,KOTH,koth_product_final
811,Unknown,FroggieLand,3641083,PL,pl_vigil_rc10
812,Unknown,Impostors,3641080,PL,pl_vigil_rc10
813,@MST,Unknown,3641074,PL,pl_vigil_rc10
814,Dreamybull's Kitchen,Unknown,3641070,KOTH,koth_product_final
815,Dreamybull's Kitchen,Unknown,3641061,KOTH,koth_product_final
816,Unknown,Impostors,3641049,KOTH,koth_product_final
817,@MST,Unknown,3641048,KOTH,koth_product_final
818,Unknown,Dreamybull's Kitchen,3641045,PL,pl_upward
819,Unknown,somebody help,3641044,KOTH,koth_product_final
820,FroggieLand,Unknown,3641043,KOTH,koth_ashville_final
821,Unknown,@MST,3640490,PL,pl_upward_f11
822,@MST,Unknown,3640458,KOTH,koth_product_final
823,Unknown,@MST,3640425,KOTH,koth_ashville_final
824,@MST,Unknown,3640413,PL,pl_vigil_rc10
